,Artist Birth Country,Year Artwork 'Completed'
564,North America,1986
565,North America,1999
566,North America,1984
567,North America,2010
568,North America,2004
569,North America,2007
570,North America,2007
571,North America,2007
572,North America,2007
574,North America,1976
575,North America,1977
576,North America,1979
577,North America,1979
578,North America,1982
579,North America,1983
580,North America,1984
581,North America,1987
582,North America,1988
583,North America,1989
598,North America,1988
599,North America,1988
41014,Oceania,1950
41027,North America,1950
41061,North America,1951
41063,North America,1950
41085,North America,1951
41137,Oceania,1953
41159,Oceania,1954
41219,North America,1963
41220,North America,1963
41221,North America,1963
41222,North America,1963
41223,North America,1963
41224,North America,1963
41225,North America,1963
41226,North America,1963
41227,North America,1963
41228,North America,1963
41229,North America,1963
41230,North America,1963
41231,North America,1963
41232,North America,1963
41233,North America,1963
41234,North America,1963
41235,North America,1963
41236,North America,1963
41246,North America,1973
41247,North America,1973
41248,North America,1973
41249,North America,1973
41250,North America,1973
41251,North America,1973
41252,North America,1973
41253,North America,1973
41254,North America,1973
41255,North America,1973
41256,North America,1973
41257,North America,1973
41258,North America,1973
41259,North America,1973
41260,North America,1973
41261,North America,1973
41414,North America,1971
41415,North America,1971
41416,North America,1971
41417,North America,1971
41418,North America,1971
41419,Asia,1969
41420,Asia,1969
41421,Asia,1969
41422,Asia,1969
41423,Asia,1969
41424,Asia,1969
41425,Asia,1971
41426,Asia,1972
41427,Asia,1972
41428,Asia,1972
41543,Africa,1968
41548,,1967
41549,,1967
41601,,1974
41602,,1974
41609,,1970
41610,,1971
41611,,1971
41613,,1974
41615,North America,1974
41623,North America,1971
41624,Oceania,1973
41625,North America,1973
41626,North America,1974
41642,North America,1973
41643,Asia,1973
41644,Oceania,1966
41645,Oceania,1966
41646,Oceania,1966
41647,Oceania,1966
41648,Oceania,1969
41649,Oceania,1969
41650,Oceania,1969
41651,Oceania,1969
41652,Oceania,1969
41754,,1972
41808,North America,1965
41809,North America,1970
41810,North America,1974
41811,North America,1974
41812,North America,1975
41859,,1975
41866,North America,1973
41873,,1972
41874,,1972
41875,,1972
41884,,1971
41885,,1971
41930,North America,1973
41931,North America,1973
41932,North America,1973
41933,North America,1973
41934,North America,1973
41950,,1969
41951,,1969
41952,,1969
41953,,1969
41954,,1969
41955,South America,1969
41956,South America,1970
41957,South America,1970
41958,South America,1970
41959,South America,1970
41978,North America,1965
41980,North America,1952
41981,North America,1965
41983,North America,1964
41985,North America,1971
41986,North America,1965
41987,North America,1965
41988,North America,1961
41989,North America,1966
41990,North America,1965
41991,North America,1960
41992,North America,1966
41996,Oceania,1976
42018,North America,1969
42019,North America,1963
42047,North America,1972
42052,,1978
42055,,1978
42074,,1976
42075,,1976
42076,,1976
42077,,1976
42079,,1961
42080,North America,1978
42081,North America,1978
42412,North America,1973
42512,North America,1974
42513,North America,1975
42524,,1976
42626,Asia,1974
42627,Asia,1975
42628,Asia,1975
42629,Asia,1975
42630,North America,1973
42631,North America,1974
42632,North America,1974
42633,North America,1975
42634,North America,1977
42703,,1976
42704,,1978
42705,,1979
42714,North America,1972
42715,North America,1973
42716,North America,1973
42717,North America,1973
42718,North America,1973
42719,North America,1973
42720,North America,1973
42721,North America,1973
42722,North America,1973
42723,North America,1973
42724,North America,1973
42725,North America,1973
42726,North America,1973
42727,North America,1973
42728,North America,1971
42729,North America,1971
42730,North America,1971
42744,,1981
43128,North America,1951
43129,North America,1951
43130,North America,1951
43138,North America,1988
43176,North America,1982
43275,,1967
43276,,1967
43295,,1970
43296,,1970
43297,,1972
43298,,1973
43299,,1974
43300,,1973
43310,,1975
43311,,1975
43312,,1975
43313,,1975
43314,,1975
43322,North America,1969
43323,North America,1969
43324,North America,1969
43349,North America,1971
43350,North America,1971
43351,North America,1971
43352,North America,1971
43353,North America,1971
43356,,1971
43357,North America,1971
43358,North America,1971
43359,North America,1972
43360,,1971
43361,,1971
43394,North America,1968
43396,North America,1967
43397,North America,1967
43398,North America,1967
43399,,1967
43405,North America,1967
43406,North America,1967
43407,,1971
43409,,1971
43410,,1971
43411,,1971
43412,,1971
43413,,1971
43414,,1971
43415,,1971
43416,,1971
43417,,1971
43425,North America,1975
43426,South America,1975
43429,Asia,1975
43430,,1975
43437,North America,1975
43442,Oceania,1978
43443,Oceania,1978
43458,Oceania,1961
43459,Oceania,1961
43460,Oceania,1961
43461,Oceania,1961
43462,Oceania,1961
43463,Oceania,1961
43464,Oceania,1961
43465,Oceania,1961
43466,Oceania,1977
43467,Oceania,1977
43468,Oceania,1977
43469,Oceania,1977
43470,Oceania,1977
43471,Oceania,1977
43472,Oceania,1977
43473,Oceania,1977
43482,North America,1986
43541,North America,1971
43542,North America,1971
43543,North America,1971
43544,North America,1971
43545,North America,1971
43546,North America,1974
43547,North America,1974
43548,North America,1974
43549,North America,1974
43550,North America,1974
43551,North America,1969
43552,North America,1969
43553,North America,1969
43554,North America,1969
43555,North America,1972
43556,North America,1972
43594,,1968
43634,North America,1972
43635,North America,1972
43636,North America,1972
43637,North America,1972
43638,North America,1971
43639,North America,1971
43640,North America,1971
43641,North America,1971
43642,Oceania,1972
43643,Oceania,1972
43644,Oceania,1972
43645,Oceania,1972
43697,North America,1966
43698,North America,1966
43699,North America,1966
43700,North America,1966
43701,North America,1966
43702,North America,1966
43703,North America,1966
43704,North America,1966
43705,North America,1966
43706,North America,1966
43707,North America,1969
43708,North America,1969
43720,North America,1971
43737,Asia,1964
43865,Asia,1969
43866,Asia,1969
43867,Asia,1969
43868,Asia,1969
43869,Asia,1969
43870,Asia,1969
43871,Asia,1969
43872,Asia,1969
43873,Asia,1969
43874,Asia,1970
43875,Asia,1971
43876,Asia,1973
43877,Asia,1973
43878,Asia,1973
43879,Asia,1973
43880,Asia,1973
43881,Asia,1973
43882,Asia,1974
43883,Asia,1974
43884,Asia,1974
43885,Asia,1974
43886,Asia,1974
43887,Asia,1974
43888,Asia,1974
43889,Asia,1974
43890,Asia,1974
43891,North America,1969
43892,North America,1969
43893,North America,1969
43894,North America,1963
43895,North America,1963
43896,North America,1963
43897,North America,1964
43898,North America,1964
43899,North America,1964
43900,North America,1964
43901,North America,1964
43902,North America,1965
43903,North America,1965
43904,North America,1965
43905,North America,1966
43906,North America,1966
43907,North America,1966
43908,North America,1966
43909,North America,1966
43910,North America,1966
43911,North America,1966
43912,North America,1966
43913,North America,1966
43914,North America,1966
43915,North America,1966
43916,North America,1966
43917,North America,1966
43918,North America,1967
43919,North America,1967
43920,North America,1967
43921,North America,1967
43922,North America,1967
43923,North America,1967
43924,North America,1969
43925,North America,1969
43926,North America,1969
43927,North America,1969
43928,North America,1969
43929,North America,1969
43930,North America,1969
43931,North America,1968
43932,North America,1968
43933,North America,1968
43934,North America,1968
43935,North America,1969
43936,North America,1969
43937,North America,1969
43938,North America,1969
43939,North America,1969
43940,North America,1969
43941,North America,1969
43942,North America,1969
43943,North America,1969
43944,North America,1969
43945,North America,1969
43946,North America,1969
43947,North America,1969
43948,North America,1969
43949,North America,1969
43950,North America,1969
43951,North America,1969
43952,North America,1969
43953,North America,1969
43954,North America,1969
43955,North America,1969
43956,North America,1969
43957,North America,1969
43958,North America,1969
43959,North America,1969
43960,North America,1969
43961,North America,1969
43962,North America,1969
43963,North America,1969
43964,North America,1969
43965,North America,1969
43966,North America,1969
43967,North America,1969
43968,North America,1969
43969,North America,1969
43970,North America,1969
43971,North America,1969
43972,North America,1969
43973,North America,1969
43974,North America,1969
43975,North America,1969
43976,North America,1969
43977,North America,1969
43978,North America,1969
43979,North America,1969
43980,North America,1969
43981,North America,1969
43982,North America,1969
43983,North America,1969
43984,North America,1969
43985,North America,1971
43986,North America,1971
43987,North America,1971
43988,North America,1971
43989,North America,1971
43990,North America,1971
43991,North America,1972
43992,North America,1972
43993,North America,1972
43994,North America,1972
43995,North America,1972
43996,North America,1972
43997,North America,1972
43998,North America,1972
43999,North America,1972
44000,North America,1972
44001,North America,1972
44002,North America,1972
44003,North America,1972
44004,North America,1972
44005,North America,1972
44006,North America,1972
44007,North America,1972
44008,North America,1972
44009,North America,1972
44010,North America,1972
44011,North America,1972
44012,North America,1972
44013,North America,1972
44014,North America,1972
44015,North America,1972
44016,North America,1972
44017,North America,1972
44018,North America,1972
44019,North America,1974
44020,North America,1974
44021,North America,1974
44022,North America,1974
44023,North America,1974
44031,Oceania,1966
44032,Oceania,1966
44033,Oceania,1966
44034,Oceania,1966
44035,Oceania,1966
44036,Oceania,1966
44037,Oceania,1968
44038,Oceania,1969
44039,Oceania,1972
44040,Oceania,1972
44041,Oceania,1972
44042,Oceania,1972
44043,Oceania,1972
44044,Oceania,1972
44045,Oceania,1972
44046,Oceania,1972
44047,Oceania,1972
44052,Asia,1965
44053,Asia,1965
44054,Asia,1965
44055,Asia,1966
44056,Asia,1966
44057,Asia,1966
44058,Asia,1966
44059,Asia,1971
44060,Asia,1971
44061,Asia,1971
44062,Asia,1971
44070,,1972
44093,North America,1970
44094,North America,1970
44095,North America,1970
44096,North America,1970
44097,North America,1970
44098,North America,1970
44099,North America,1970
44100,North America,1970
44101,North America,1970
44102,North America,1970
44103,North America,1970
44104,North America,1970
44105,North America,1970
44106,North America,1970
44107,North America,1970
44108,North America,1970
44109,North America,1970
44110,North America,1970
44111,North America,1970
44112,North America,1970
44113,North America,1970
44114,North America,1970
44120,Oceania,1963
44121,Oceania,1963
44122,Oceania,1963
44123,Oceania,1963
44124,Oceania,1964
44125,Oceania,1964
44126,Oceania,1965
44127,Oceania,1965
44128,Oceania,1965
44129,Oceania,1965
44130,Oceania,1965
44131,Oceania,1965
44132,Oceania,1965
44133,Oceania,1965
44134,Oceania,1965
44135,Oceania,1965
44136,Oceania,1965
44137,Oceania,1965
44138,Oceania,1965
44139,Oceania,1966
44140,Oceania,1966
44141,Oceania,1966
44142,Oceania,1966
44143,Oceania,1966
44144,Oceania,1966
44145,Oceania,1966
44146,Oceania,1966
44147,Oceania,1967
44148,Oceania,1967
44149,Oceania,1967
44150,Oceania,1967
44151,Oceania,1967
44152,Oceania,1967
44153,Oceania,1967
44154,Oceania,1967
44155,Oceania,1967
44156,Oceania,1969
44157,Oceania,1970
44158,Oceania,1970
44159,Oceania,1970
44160,Oceania,1970
44161,Oceania,1970
44162,Oceania,1970
44163,Oceania,1970
44164,Oceania,1970
44165,Oceania,1970
44166,Oceania,1970
44167,Oceania,1970
44168,Oceania,1970
44169,Oceania,1970
44170,Oceania,1970
44171,Oceania,1970
44172,Oceania,1970
44173,Oceania,1971
44174,Oceania,1972
44175,Oceania,1972
44176,Oceania,1972
44177,Oceania,1972
44178,Oceania,1972
44179,Oceania,1972
44180,Oceania,1972
44181,Oceania,1972
44182,Oceania,1972
44183,Oceania,1972
44184,Oceania,1972
44185,Oceania,1972
44186,Oceania,1972
44187,Oceania,1972
44188,Oceania,1972
44189,Oceania,1972
44190,Oceania,1972
44191,Oceania,1972
44192,Oceania,1972
44193,Oceania,1972
44194,Oceania,1972
44195,Oceania,1972
44196,Oceania,1972
44197,Oceania,1972
44198,Oceania,1972
44199,Oceania,1972
44200,Oceania,1972
44201,Oceania,1973
44202,Oceania,1973
44203,Oceania,1973
44204,Oceania,1973
44205,Oceania,1973
44206,Oceania,1973
44207,Oceania,1973
44208,Oceania,1973
44209,Oceania,1973
44210,Oceania,1973
44211,Oceania,1975
44484,,1970
44485,,1970
44486,,1970
44487,,1970
44488,,1970
44489,,1970
44539,,1968
44540,,1968
44541,,1968
44542,,1968
44543,,1972
44562,North America,1966
44563,North America,1966
44564,North America,1966
44565,North America,1966
44566,North America,1970
44567,North America,1970
44568,North America,1970
44569,North America,1970
44570,North America,1970
44571,North America,1970
44572,North America,1970
44573,North America,1970
44574,North America,1970
44575,North America,1970
44576,North America,1970
44577,North America,1970
44578,North America,1970
44579,North America,1970
44580,North America,1970
44619,North America,1971
44620,North America,1971
44621,North America,1971
44622,North America,1967
44712,Africa,1968
44713,Africa,1968
44714,Africa,1968
44715,Africa,1968
44716,Africa,1969
44717,Africa,1969
44718,Africa,1969
44719,Africa,1969
44720,Africa,1969
44721,Africa,1969
44722,Africa,1969
44723,Africa,1969
44724,Africa,1969
44725,Africa,1969
44766,,1972
44767,,1972
44768,Oceania,1965
44769,Oceania,1965
44770,Oceania,1965
44771,Oceania,1965
44772,Oceania,1965
44773,Oceania,1965
44774,Oceania,1965
44837,North America,1975
44838,North America,1975
44839,North America,1975
44840,North America,1975
44841,North America,1975
44842,North America,1975
44843,Oceania,1975
44844,Oceania,1975
44845,Oceania,1975
44846,Oceania,1975
44847,Oceania,1975
44849,Oceania,1975
44850,Oceania,1975
44851,Oceania,1975
44852,Oceania,1975
44853,Oceania,1975
44894,North America,1975
44895,North America,1975
44896,North America,1975
44897,North America,1975
44898,North America,1978
44899,North America,1978
44900,North America,1978
44912,North America,1977
44913,North America,1977
44914,North America,1977
44915,North America,1977
44916,North America,1977
44917,North America,1977
44918,North America,1977
44919,North America,1977
44920,North America,1977
44921,North America,1977
44922,North America,1977
44923,North America,1977
44924,North America,1977
44925,North America,1977
44952,Oceania,1978
44953,Oceania,1978
44954,Oceania,1978
44955,Oceania,1978
44956,Oceania,1978
44957,Oceania,1978
44958,Oceania,1978
44959,Oceania,1978
44960,Oceania,1978
44961,Oceania,1978
44985,Asia,1979
44986,Asia,1979
44987,Asia,1979
44988,Asia,1979
44989,Asia,1979
44990,Asia,1979
44991,Asia,1979
44992,Asia,1979
44993,Asia,1979
44994,Asia,1979
44995,Asia,1979
44996,Asia,1979
44997,Asia,1979
44998,Asia,1979
44999,Asia,1979
45033,North America,1980
45046,Asia,1959
45047,Asia,1960
45048,Asia,1960
45049,Asia,1961
45050,Asia,1961
45068,Africa,1973
45080,Oceania,1970
45081,Oceania,1970
45082,Oceania,1970
45083,Oceania,1970
45084,Oceania,1970
45085,Oceania,1970
45086,Oceania,1970
45087,Oceania,1972
45090,,1974
45091,,1974
45094,North America,1968
45095,North America,1968
45096,North America,1968
45097,North America,1968
45110,,1961
45120,North America,1968
45121,North America,1968
45122,North America,1968
45123,North America,1968
45124,North America,1968
45125,North America,1968
45134,Asia,1967
45135,Asia,1970
45136,Asia,1970
45137,Asia,1970
45147,,1974
45177,,1972
45178,,1956
45248,,1972
45249,,1973
45250,,1973
45251,,1974
45285,,1971
45357,,1971
45358,,1971
45359,Asia,1962
45362,,1970
45363,Asia,1973
45364,Asia,1973
45365,Asia,1973
45366,Asia,1973
45367,Asia,1973
45368,Asia,1973
45369,Asia,1973
45384,,1974
45385,,1974
45386,,1974
45387,North America,1968
45388,North America,1968
45389,North America,1968
45390,North America,1968
45391,North America,1968
45392,North America,1968
45393,North America,1968
45396,Asia,1973
45397,,1966
45398,,1966
45439,Asia,1970
45453,,1970
45454,,1968
45455,,1968
45457,,1969
45496,North America,1969
45497,North America,1969
45498,North America,1969
45499,,1974
45500,,1974
45544,Oceania,1966
45545,Oceania,1966
45546,Oceania,1966
45547,Oceania,1966
45548,Oceania,1966
45549,Oceania,1966
45550,Oceania,1966
45551,North America,1968
45552,North America,1968
45553,North America,1968
45557,Oceania,1964
45558,Oceania,1964
45559,Oceania,1964
45560,Oceania,1964
45561,Oceania,1965
45562,Oceania,1965
45588,,1969
45595,North America,1966
45596,North America,1966
45597,North America,1966
45598,North America,1966
45599,North America,1966
45600,North America,1966
45601,North America,1966
45602,North America,1966
45603,North America,1966
45604,North America,1966
45605,,1971
45614,North America,1963
45615,North America,1963
45616,North America,1967
45625,,1971
45626,,1971
45627,,1972
45637,,1970
45638,,1974
45651,Oceania,1973
45652,,1972
45653,,1972
45671,North America,1976
45672,North America,1976
45682,Asia,1975
45699,,1975
45700,,1976
45701,,1975
45702,,1975
45703,,1975
45704,,1975
45705,,1975
45706,,1975
45707,,1975
45708,,1975
45709,,1975
45710,,1975
45711,,1975
45712,,1975
45715,,1975
45716,,1975
45717,,1975
45738,North America,1968
45745,,1956
45757,North America,1966
45760,,1972
45764,North America,1976
45765,North America,1976
45768,,1965
45769,,1973
45770,,1965
45771,,1965
45775,,1976
45776,,1973
45777,South America,1976
45778,South America,1976
45779,,1965
45780,,1965
45782,,1972
45783,,1972
45784,,1973
45786,Oceania,1963
45787,,1966
45788,,1966
45789,,1966
45790,,1965
45792,,1972
45793,,1972
45794,,1972
45795,,1972
45796,,1965
45797,Oceania,1978
45809,,1976
45820,,1978
45821,South America,1977
45829,,1977
45832,,1976
45833,,1978
45834,,1978
45835,,1978
45838,Asia,1977
45854,North America,1977
45856,,1978
45857,,1978
45858,,1978
45874,North America,1968
45875,North America,1969
45876,North America,1970
45877,North America,1970
45878,North America,1970
45879,North America,1971
45880,North America,1971
45881,North America,1971
45882,North America,1972
45883,North America,1972
45884,North America,1972
45885,North America,1973
45905,North America,1964
45906,North America,1965
45907,North America,1965
45908,North America,1965
45909,North America,1966
45910,North America,1966
45911,North America,1966
45912,North America,1966
45913,North America,1966
45914,North America,1967
45915,North America,1967
45916,North America,1967
45917,North America,1967
45918,North America,1967
45919,North America,1967
45921,North America,1971
45922,North America,1971
45923,North America,1971
45924,North America,1971
45925,North America,1971
45926,North America,1971
45927,North America,1971
45928,North America,1971
45929,North America,1971
45930,North America,1971
45931,North America,1971
45932,North America,1971
45933,North America,1971
45934,North America,1971
45935,North America,1971
45936,North America,1971
45937,North America,1971
45938,North America,1971
45939,North America,1971
45940,North America,1971
45941,North America,1971
45943,North America,1973
45944,North America,1973
45945,North America,1973
45946,North America,1973
45947,North America,1973
45948,North America,1973
45949,North America,1973
45979,North America,1967
45980,North America,1967
45981,North America,1967
45982,North America,1967
45983,North America,1967
45984,North America,1967
45985,North America,1967
45986,North America,1967
45987,North America,1967
45988,North America,1967
46032,Asia,1960
46033,Asia,1960
46034,Asia,1960
46035,Asia,1968
46036,Asia,1968
46037,Asia,1969
46038,Asia,1969
46039,Asia,1970
46040,Asia,1970
46041,Asia,1970
46042,Asia,1971
46043,Asia,1971
46044,Asia,1971
46045,Asia,1972
46046,Asia,1972
46047,Asia,1972
46048,Asia,1972
46049,Asia,1972
46050,Asia,1972
46051,Asia,1972
46052,Asia,1972
46053,Asia,1972
46054,Asia,1972
46055,Asia,1972
46056,Asia,1973
46092,North America,1971
46093,North America,1973
46098,North America,1974
46099,North America,1974
46100,North America,1968
46101,Asia,1972
46102,Asia,1972
46111,North America,1976
46119,North America,1973
46211,North America,1965
46229,North America,1975
46230,North America,1973
46231,North America,1971
46232,North America,1979
46238,North America,1977
46245,North America,1976
46248,North America,1968
46249,North America,1970
46250,North America,1979
46255,North America,1980
46256,North America,1980
46257,North America,1967
46258,North America,1969
46259,North America,1969
46260,North America,1969
46261,North America,1969
46262,North America,1969
46263,North America,1969
46264,North America,1969
46294,North America,1980
46295,North America,1968
46296,North America,1980
46301,North America,1966
46302,North America,1966
46303,North America,1966
46304,North America,1966
46305,North America,1967
46306,North America,1967
46307,North America,1969
46308,North America,1970
46309,North America,1970
46310,North America,1971
46311,North America,1972
46312,North America,1972
46313,North America,1972
46314,North America,1973
46315,North America,1975
46316,North America,1975
46317,North America,1976
46318,North America,1975
46319,North America,1975
46320,North America,1977
46349,North America,1966
46374,Asia,1974
46375,,1976
46376,,1976
46377,,1979
46378,,1980
46379,,1980
46380,,1980
46381,,1980
46382,Asia,1978
46383,Asia,1978
46384,Asia,1980
46406,North America,1980
46407,North America,1980
46408,North America,1980
46409,North America,1980
46410,North America,1980
46411,North America,1980
46424,North America,1974
46425,North America,1974
46426,North America,1974
46427,North America,1974
46428,North America,1974
46429,North America,1974
46430,North America,1974
46431,North America,1974
46432,North America,1974
46433,North America,1974
46436,,1979
46454,,1981
46490,North America,1979
46492,North America,1977
46493,North America,1980
46494,North America,1980
46495,North America,1978
46496,North America,1975
46497,North America,1978
46498,North America,1978
46511,North America,1975
46512,North America,1975
46513,North America,1975
46514,North America,1975
46515,North America,1975
46516,North America,1975
46566,North America,1974
46567,North America,1969
46568,North America,1972
46569,North America,1972
46570,North America,1972
46571,North America,1972
46572,North America,1972
46573,North America,1972
46574,North America,1972
46575,North America,1971
46576,North America,1971
46577,North America,1971
46578,North America,1971
46579,North America,1971
46580,North America,1971
46581,North America,1971
46582,North America,1971
46583,North America,1971
46584,North America,1971
46585,North America,1971
46586,North America,1982
46587,North America,1982
46591,North America,1980
46608,North America,1981
46610,North America,1982
46657,North America,1982
46658,North America,1982
46659,North America,1982
46660,North America,1982
46661,North America,1982
46662,North America,1982
46663,North America,1982
46664,North America,1982
46665,North America,1982
46666,North America,1982
46667,North America,1982
46668,North America,1982
46669,North America,1982
46670,North America,1982
46671,North America,1982
46672,North America,1982
46673,North America,1982
46674,North America,1982
46675,North America,1982
46676,North America,1982
46677,North America,1982
46678,North America,1982
46697,North America,1979
46698,North America,1979
46699,North America,1979
46700,North America,1979
46701,North America,1982
46747,North America,1983
46751,North America,1982
46771,North America,1982
46772,North America,1982
46773,North America,1978
46774,North America,1981
46775,North America,1982
46776,North America,1982
46777,North America,1982
46778,North America,1982
46779,North America,1975
46780,North America,1977
46781,North America,1977
46782,North America,1975
46786,North America,1981
46787,North America,1980
46788,North America,1982
46844,North America,1980
47072,North America,1980
47073,North America,1980
47074,North America,1980
47075,North America,1980
47076,North America,1980
47077,North America,1980
47092,North America,1981
47132,North America,1960
47133,North America,1960
47134,North America,1980
47135,North America,1980
47136,North America,1980
47137,North America,1980
47138,North America,1980
47139,North America,1980
47140,North America,1980
47141,North America,1980
47147,,1983
47148,,1983
47158,,1951
47159,,1951
47160,,1951
47263,Africa,1985
47265,North America,1979
47269,North America,1982
47270,North America,1987
47271,North America,1987
47274,North America,1986
47275,Africa,1987
47276,North America,1988
47279,North America,1986
47283,North America,1985
47284,North America,1964
47287,North America,1987
47332,Asia,1989
47333,Asia,1989
47337,North America,1989
47357,North America,1991
47358,North America,1991
47359,North America,1992
47360,North America,1988
47361,North America,1989
47379,Asia,1993
47398,North America,1963
47399,North America,1966
47400,North America,1966
47401,North America,1966
47402,North America,1966
47403,North America,1966
47404,North America,1966
47405,North America,1966
47406,North America,1966
47407,North America,1966
47408,North America,1966
47409,North America,1966
47410,North America,1970
47411,North America,1980
47412,North America,1980
47413,North America,1980
47414,North America,1980
47415,North America,1980
47416,North America,1980
47417,North America,1980
47418,North America,1980
47419,North America,1980
47420,North America,1980
47421,North America,1980
47422,North America,1980
47423,North America,1980
47424,North America,1980
47428,Asia,1994
47433,,1994
47436,,1994
47440,North America,1975
47441,North America,1975
47442,North America,1975
47443,North America,1975
47449,North America,1992
47450,North America,1992
47451,North America,1992
47452,North America,1992
47453,North America,1992
47454,North America,1992
47455,North America,1992
47456,North America,1992
47457,North America,1992
47458,North America,1992
47459,North America,1992
47460,North America,1992
47461,North America,1992
47462,North America,1992
47463,North America,1992
47464,North America,1992
47465,North America,1992
47466,North America,1992
47467,North America,1992
47468,North America,1992
47469,North America,1992
47470,North America,1992
47471,North America,1992
47472,North America,1992
47473,North America,1992
47485,North America,1973
47486,North America,1973
47487,North America,1973
47488,North America,1973
47489,North America,1973
47490,North America,1973
47512,North America,1991
47515,North America,1978
47516,North America,1979
47517,North America,1979
47518,North America,1980
47521,North America,1992
47522,North America,1992
47523,North America,1992
47524,North America,1992
47525,North America,1992
47526,North America,1992
47527,North America,1992
47528,North America,1992
47529,North America,1992
47530,North America,1992
47570,North America,1998
47571,North America,1998
47572,North America,1998
47580,Asia,1980
47581,Asia,1986
47582,Asia,1993
47583,Asia,1993
47584,Asia,1993
47585,Asia,1993
47586,Asia,1993
47587,Asia,1995
47588,Asia,1995
47589,Asia,1995
47633,North America,2000
47685,Asia,1999
47686,Asia,1999
47687,Asia,1999
47688,Asia,1999
47689,Asia,1999
47690,Asia,1999
47691,Asia,1999
47692,Asia,1999
47693,,1992
47694,,1992
47695,,1992
47696,,1997
47697,,1997
47698,,1997
47699,,1997
47700,,1997
47701,,1999
47702,,1999
47703,,1999
47704,,1999
47713,North America,1981
47714,North America,1970
47777,Africa,1989
47790,North America,1988
47791,North America,1988
47792,North America,1989
47793,North America,1988
47794,North America,1988
47795,North America,1985
47796,North America,1990
47797,North America,1988
47798,North America,1988
47799,North America,1988
47800,North America,1988
47801,North America,1988
47802,North America,1988
47803,North America,1988
47804,North America,1988
47805,North America,1988
47806,North America,1988
47807,North America,1988
47808,North America,1988
47809,North America,1988
47810,North America,1989
47811,North America,1989
47812,North America,1989
47813,North America,1989
47814,North America,1989
47815,North America,1989
47816,North America,1990
47817,North America,1990
47818,Asia,1990
47819,North America,1989
47820,North America,1989
47821,North America,1989
47822,North America,1989
47823,North America,1989
47824,North America,1989
47825,North America,1989
47826,North America,1989
47827,North America,1989
47828,North America,1989
47829,North America,1989
47830,North America,1989
47831,North America,1990
47832,North America,1983
47833,North America,1989
47834,North America,1989
47835,North America,1989
47836,North America,1989
47837,North America,1989
47838,North America,1989
47839,North America,1989
47840,North America,1989
47841,North America,1989
47842,North America,1989
47843,North America,1989
47844,North America,1989
47845,North America,1989
47846,North America,1989
47848,North America,2000
47849,North America,2000
47850,North America,2000
47851,North America,2000
47852,North America,2000
47853,North America,2000
47854,North America,2000
47855,North America,2000
47856,North America,2000
47857,North America,2000
47860,North America,1964
47861,North America,1965
47862,North America,1967
47863,North America,1970
47864,North America,1970
47865,North America,1970
47866,North America,1971
47867,North America,1971
47868,North America,1972
47869,North America,1972
47870,North America,1972
47871,North America,1972
47872,North America,1973
47873,North America,1973
47874,North America,1975
47875,North America,1975
47876,North America,1975
47877,North America,1976
47878,North America,1977
47879,North America,1978
47880,North America,1980
47881,North America,1983
47882,North America,1983
47883,North America,1983
47884,North America,1983
47885,North America,1983
47886,North America,1984
47887,North America,1987
47888,North America,1988
47889,North America,1991
47890,North America,1975
47891,North America,2000
47892,North America,2000
47893,North America,2000
47894,North America,2000
47895,North America,2000
47896,North America,2000
47897,North America,2000
47898,North America,2000
47899,North America,2000
47900,North America,2000
47901,North America,2000
47902,North America,2000
47903,North America,2000
47909,North America,1999
47910,North America,1999
47911,North America,2002
47912,North America,2002
47921,North America,1997
47922,North America,1997
47923,North America,1997
47924,North America,1997
47925,North America,1997
47926,North America,1997
47927,North America,1997
47928,North America,1997
47929,North America,1988
47930,North America,1988
47931,North America,1988
47932,North America,1980
47933,North America,1981
47968,North America,1979
47969,North America,1979
47970,North America,1979
47971,North America,1979
47972,North America,1979
47973,North America,1979
47974,North America,1979
47975,North America,1979
47976,North America,1979
47977,North America,1979
47978,North America,1979
47979,North America,1976
47980,North America,1976
47981,North America,1976
47982,North America,1976
47983,North America,1976
47984,North America,1976
47985,North America,1976
47986,North America,1976
47987,North America,1976
47988,North America,1976
47989,North America,1976
47990,North America,1976
47991,North America,1977
47992,North America,1976
47993,North America,2000
47994,North America,1978
47995,North America,1978
47996,North America,1978
47997,North America,1978
47998,North America,1978
47999,Asia,1976
48000,North America,1990
48001,North America,2001
48002,North America,2001
48003,North America,2001
48004,North America,2001
48005,North America,2001
48006,North America,2001
48007,North America,2001
48008,North America,2000
48009,North America,2000
48010,North America,1997
48011,North America,1997
48012,North America,1997
48013,North America,1995
48014,North America,1995
48015,North America,1995
48016,North America,1995
48017,North America,1995
48018,North America,1995
48019,North America,1995
48020,North America,1995
48021,North America,1995
48022,North America,1994
48023,North America,1990
48024,North America,1990
48025,North America,1987
48026,North America,1997
48027,North America,1997
48028,North America,1997
48029,North America,1997
48030,North America,1997
48031,North America,1997
48032,North America,1997
48033,North America,1997
48034,North America,1997
48039,North America,1983
48040,North America,1983
48041,North America,1977
48042,North America,1999
48043,North America,1999
48044,North America,1999
48045,North America,1999
48046,North America,1999
48048,North America,1979
48049,North America,1979
48050,North America,1994
48051,North America,1991
48052,North America,1982
48053,North America,1987
48054,North America,1987
48055,North America,1987
48056,North America,1987
48057,North America,1987
48058,North America,1990
48059,North America,1990
48060,North America,1980
48061,North America,1992
48062,North America,1992
48063,North America,1992
48064,North America,1992
48065,North America,1992
48066,North America,1992
48067,North America,1992
48068,North America,1992
48069,North America,1992
48070,North America,1992
48071,North America,1992
48072,North America,1992
48073,North America,1992
48074,North America,1992
48075,North America,1981
48076,North America,1981
48077,North America,1981
48078,North America,1981
48079,North America,1981
48080,North America,1981
48081,North America,1981
48082,North America,1981
48092,North America,1987
48093,North America,1986
48094,North America,1984
48095,North America,1984
48096,North America,1984
48097,North America,1984
48098,North America,1984
48099,North America,1984
48100,North America,1984
48101,North America,1984
48102,North America,1983
48103,North America,1983
48104,North America,1983
48105,North America,1983
48106,North America,1983
48107,North America,1983
48108,North America,1983
48109,North America,1983
48110,North America,1983
48111,North America,1983
48112,North America,1983
48113,North America,1983
48114,North America,1983
48115,North America,1983
48116,North America,1983
48117,North America,1983
48118,North America,1983
48119,North America,1983
48120,North America,1983
48121,North America,1983
48122,North America,1983
48123,North America,1983
48124,North America,1983
48125,North America,1983
48126,North America,1979
48127,North America,1980
48128,North America,1980
48129,North America,1980
48130,North America,1980
48131,North America,1980
48132,North America,1975
48133,North America,1975
48134,North America,1975
48135,North America,1975
48136,North America,1975
48137,North America,1995
48138,North America,1995
48139,North America,1995
48140,North America,1995
48141,North America,1995
48142,North America,1995
48143,North America,1992
48144,North America,1993
48145,North America,1992
48146,North America,1992
48147,North America,1990
48148,North America,1990
48149,North America,1990
48150,North America,1990
48151,North America,1990
48152,North America,1990
48153,North America,1990
48154,North America,1995
48156,,2000
48157,,2000
48158,,2001
48159,North America,1993
48160,North America,1992
48161,North America,1992
48162,North America,1992
48163,North America,1989
48164,North America,1989
48165,North America,1989
48166,North America,1989
48167,North America,1989
48168,North America,1989
48169,North America,1989
48170,North America,1989
48171,North America,1989
48172,North America,1989
48173,North America,1991
48174,North America,1994
48175,North America,1994
48176,North America,1994
48177,North America,1994
48178,North America,1994
48179,North America,1984
48180,North America,1984
48181,North America,1984
48182,North America,1978
48190,North America,1986
48191,North America,1985
48192,North America,2000
48193,North America,1999
48194,North America,1999
48195,North America,1999
48196,North America,1999
48197,North America,1999
48198,North America,1999
48199,North America,1999
48200,North America,1999
48201,North America,1999
48202,North America,1999
48203,North America,1999
48204,North America,1999
48205,North America,1999
48206,North America,1999
48207,North America,1999
48208,North America,1999
48209,North America,1999
48210,North America,1999
48211,North America,1999
48212,North America,1999
48213,North America,1999
48214,North America,1999
48215,North America,1995
48216,North America,1998
48217,North America,1998
48218,North America,1998
48219,North America,1992
48220,North America,1991
48221,North America,1991
48222,North America,1991
48223,North America,1991
48224,North America,1991
48225,North America,1991
48226,North America,1991
48227,North America,1991
48228,North America,1991
48229,North America,1991
48230,North America,1991
48231,North America,1991
48232,North America,1991
48233,North America,1991
48234,North America,1991
48235,North America,1991
48236,North America,1991
48237,North America,1991
48238,North America,1991
48239,North America,1989
48240,North America,1989
48241,North America,1989
48242,North America,1989
48243,North America,1989
48244,North America,1985
48245,North America,1985
48246,North America,1998
48247,North America,1998
48248,North America,1993
48249,North America,1993
48250,North America,1988
48251,North America,2000
48252,North America,2000
48253,North America,2000
48254,North America,2000
48255,North America,1999
48256,North America,1999
48257,North America,1997
48258,North America,1997
48259,North America,1998
48260,North America,1998
48261,North America,1998
48262,North America,1998
48263,North America,1998
48264,North America,1998
48265,North America,1998
48266,North America,1998
48267,North America,1996
48268,North America,1996
48269,North America,1996
48270,North America,1996
48271,North America,1996
48272,North America,1996
48273,North America,1996
48274,North America,1996
48275,North America,1996
48276,North America,1996
48277,North America,1996
48278,North America,1995
48279,North America,1995
48280,North America,1995
48281,North America,1993
48282,North America,1993
48283,North America,1993
48284,North America,1992
48285,North America,1991
48286,North America,1991
48287,North America,1991
48288,North America,1991
48289,North America,1989
48290,North America,1989
48291,North America,1989
48292,North America,1989
48293,North America,1985
48294,North America,1982
48295,North America,1982
48296,North America,1982
48297,North America,1982
48298,North America,1982
48299,North America,1982
48300,North America,1992
48301,North America,1992
48302,North America,1990
48303,North America,1990
48304,North America,1999
48305,North America,1999
48306,North America,1999
48307,North America,1999
48308,North America,2000
48309,North America,1996
48310,North America,1996
48311,North America,1996
48312,North America,1996
48313,Asia,1993
48314,Asia,1993
48315,Asia,1993
48316,Asia,1993
48368,North America,1981
48388,North America,1990
48392,North America,1980
48393,North America,1987
48394,North America,1987
48395,North America,1987
48396,North America,1987
48407,North America,2006
48408,North America,2006
48409,North America,2006
48410,North America,2006
48411,North America,2006
48412,North America,2006
48413,North America,2006
48417,Oceania,1988
48418,Asia,1988
48419,Asia,1988
48420,Asia,1988
48421,Asia,1988
48422,Asia,1989
48423,Asia,1990
48424,Asia,1990
48425,Asia,1990
48426,Asia,1990
48427,Asia,1985
48451,North America,1999
48452,North America,1999
48453,North America,1999
48454,North America,1999
48455,North America,1999
48456,North America,1999
48457,North America,1999
48458,North America,1999
48459,North America,1999
48460,North America,1999
48461,North America,1999
48462,North America,1999
48463,North America,1999
48464,North America,1999
48465,North America,1999
48477,North America,1976
48478,North America,1985
48479,North America,1985
48480,North America,1971
48482,North America,1970
48483,North America,1960
48484,South America,1986
48485,South America,1986
48486,North America,1951
48493,North America,1969
48494,North America,1999
48505,,1976
48508,Asia,1966
48509,Asia,1965
48520,North America,1975
48525,Asia,1954
48526,North America,1963
48536,,1950
48540,South America,1983
48541,South America,1983
48542,South America,1983
48543,South America,1983
48544,South America,1983
48545,South America,1983
48546,South America,1983
48547,South America,1983
48548,South America,1983
48549,South America,1983
48550,South America,1983
48551,South America,1983
48552,Africa,1957
48553,Africa,1956
48555,South America,1977
48573,Asia,2000
48592,Africa,2010
48593,Africa,2010
48594,Africa,2010
48595,Africa,2010
48596,Africa,2010
48597,Africa,2010
48598,Africa,2010
48599,Africa,2010
48600,Africa,2010
48601,Africa,2010
48602,Africa,2010
48607,Asia,1974
48609,North America,2002
48610,North America,1997
48611,South America,1968
48612,North America,2007
48613,North America,2007
48636,North America,1970
48637,North America,1970
48638,North America,1980
48657,North America,1975
48668,North America,1991
48669,North America,1983
48670,North America,1985
48671,North America,1983
48672,Asia,1995
48673,Asia,1995
48675,North America,1997
48676,North America,1997
48677,North America,1997
48678,North America,1997
48679,North America,1997
48680,North America,1997
48681,North America,1997
48682,North America,1997
48683,North America,1997
48684,North America,1999
48685,North America,1982
48686,North America,1991
48687,North America,1992
48688,Asia,2012
48689,Asia,2012
48690,Asia,2012
48691,Asia,2012
48692,Asia,2012
48693,Asia,2012
48694,Asia,2012
48695,Asia,2012
48696,Asia,2012
48697,Asia,2012
48698,Asia,2012
48699,Asia,2012
48700,Asia,2012
48701,Asia,2012
48702,Asia,2012
48703,Asia,2012
48704,Asia,2012
48705,Asia,2012
48706,Asia,2012
48707,Asia,2012
48708,Asia,2012
48709,Asia,2012
48710,Asia,2012
48711,Asia,2012
48712,Asia,2012
48713,Asia,2012
48714,Asia,2012
48715,Asia,2012
48716,Asia,2012
48717,Asia,2012
48718,Asia,2012
48719,Asia,2012
48720,Asia,2012
48721,Asia,2012
48722,Asia,2012
48723,Asia,2012
48724,Asia,2012
48725,Asia,2012
48726,Asia,2012
48772,North America,1991
48773,North America,1991
48774,North America,1991
48775,North America,1991
48777,North America,1988
48778,North America,1988
48779,North America,1988
48780,North America,1988
48781,North America,1988
48782,North America,1988
48783,North America,1988
48784,North America,1988
48785,North America,1988
48806,North America,1991
48807,North America,1991
48808,North America,1991
48809,North America,1991
48810,North America,1991
48811,North America,1991
48870,Asia,1993
48871,North America,1990
48872,North America,1993
48888,North America,1992
48889,North America,1992
48890,North America,1992
48891,North America,1992
48913,North America,1997
48914,North America,1997
48915,North America,1997
48916,North America,1997
48917,North America,1997
48918,North America,1997
48920,Africa,1998
48921,Africa,1998
48922,Africa,1998
48923,Africa,1998
48924,Africa,1998
48925,Africa,1998
48926,Africa,1998
48927,Africa,1998
48928,Africa,1998
48929,Africa,1998
48930,Africa,1998
48931,Africa,1998
48932,Africa,1998
48933,Africa,1998
48934,Africa,1998
48935,Africa,1998
48936,Africa,1998
48937,Africa,1998
48938,Africa,1998
48939,Africa,1998
48940,Africa,1998
48941,Africa,1998
48942,Africa,1998
48943,Africa,1998
48951,Oceania,1979
48952,Oceania,1979
48953,Oceania,1979
48954,Oceania,1979
48955,Oceania,1979
48957,North America,1999
48959,North America,2001
48960,North America,2001
48961,North America,2001
48992,North America,1991
48993,North America,1991
48995,North America,2003
48996,North America,2003
48997,North America,2003
48998,North America,2003
48999,North America,2003
49000,North America,2003
49001,North America,2003
49011,North America,1977
49012,North America,1977
49013,North America,1977
49014,North America,1970
49053,South America,2007
49054,South America,2007
49055,South America,2007
49056,South America,2007
49058,North America,1975
49059,North America,1978
49060,North America,1975
49061,North America,1976
49075,North America,2005
49098,North America,1980
49099,North America,1971
49102,North America,1982
49103,North America,1982
49104,North America,1982
49105,North America,1982
49106,North America,1982
49107,North America,1982
49131,North America,1976
49142,North America,1974
49143,North America,1984
49145,North America,1974
49146,North America,1984
49150,North America,1983
49151,North America,1983
49152,North America,1983
49162,North America,1972
49163,North America,1972
49164,North America,1972
49165,North America,1972
49166,North America,1972
49167,North America,1972
49168,North America,1972
49169,North America,1972
49170,North America,1972
49171,North America,1972
49172,North America,1984
49196,North America,1965
49197,North America,1968
49198,North America,1952
49206,North America,1981
49215,North America,1984
49216,North America,1984
49224,Asia,1984
49232,North America,1981
49233,North America,1981
49234,North America,1981
49235,North America,1980
49243,North America,1977
49244,North America,1977
49254,North America,1986
49255,North America,1985
49256,North America,1985
49259,North America,1974
49260,North America,1985
49263,North America,1984
49281,North America,1986
49282,North America,1985
49294,North America,1986
49295,North America,1986
49296,North America,1986
49297,North America,1986
49298,North America,1986
49299,North America,1986
49300,North America,1986
49301,North America,1986
49302,North America,1986
49303,North America,1986
49304,North America,1986
49305,North America,1986
49306,North America,1986
49307,North America,1986
49308,North America,1986
49309,North America,1986
49310,North America,1986
49311,North America,1986
49312,North America,1986
49313,North America,1986
49314,North America,1986
49315,North America,1986
49316,North America,1986
49317,North America,1986
49318,North America,1986
49335,North America,1965
49336,North America,1965
49337,North America,1987
49342,North America,1983
49343,North America,1979
49353,North America,1988
49391,North America,1959
49392,North America,1957
49393,North America,1958
49394,North America,1957
49395,North America,1958
49396,North America,1959
49397,North America,1958
49398,North America,1958
49399,North America,1958
49400,North America,1959
49401,North America,1958
49402,North America,1958
49403,North America,1958
49404,Asia,1988
49405,Asia,1988
49406,Asia,1988
49407,Asia,1988
49408,Asia,1988
49409,Asia,1988
49411,North America,1974
49412,North America,1974
49413,North America,1974
49414,North America,1974
49415,North America,1974
49416,North America,1974
49421,Asia,1952
49422,North America,1977
49423,North America,1977
49424,North America,1977
49425,North America,1977
49426,North America,1977
49427,North America,1977
49428,North America,1977
49429,North America,1977
49430,North America,1977
49431,North America,1977
49432,North America,1977
49433,North America,1977
49468,North America,1979
49469,North America,1979
49470,North America,1979
49471,North America,1979
49472,North America,1979
49473,North America,1979
49474,North America,1979
49475,North America,1979
49476,North America,1979
49477,North America,1979
49478,North America,1979
49479,North America,1979
49480,North America,1979
49481,North America,1979
49482,North America,1979
49483,North America,1979
49484,North America,1979
49485,North America,1979
49486,North America,1979
49487,North America,1979
49488,North America,1979
49489,North America,1979
49490,North America,1979
49491,North America,1979
49492,North America,1979
49493,North America,1979
49494,North America,1979
49495,North America,1979
49496,North America,1979
49497,North America,1979
49498,North America,1979
49499,North America,1960
49500,North America,1960
49501,North America,1960
49502,North America,1960
49503,North America,1960
49504,North America,1960
49505,North America,1963
49520,North America,1952
49521,North America,1976
49522,North America,1967
49523,North America,1973
49526,North America,1982
49527,North America,1982
49528,North America,1982
49529,North America,1982
49530,North America,1982
49531,North America,1982
49532,North America,1982
49533,North America,1982
49534,North America,1982
49535,North America,1982
49536,North America,1982
49537,North America,1982
49538,North America,1982
49539,North America,1982
49540,North America,1982
49541,North America,1982
49542,North America,1982
49543,North America,1982
49544,North America,1982
49545,North America,1982
49546,North America,1982
49547,North America,1982
49548,North America,1982
49549,North America,1982
49550,North America,1964
49560,North America,1985
49561,North America,1986
49562,North America,1986
49563,North America,1987
49564,North America,1987
49565,North America,1987
49566,North America,1989
49571,North America,1961
49582,North America,1988
49583,North America,1988
49584,North America,1988
49585,North America,1988
49586,North America,1988
49587,North America,1988
49588,North America,1988
49589,North America,1988
49590,North America,1988
49591,North America,1988
49632,North America,1991
49633,North America,1991
49634,North America,1991
49635,North America,1991
49636,North America,1952
49637,Oceania,1965
49638,Oceania,1965
49639,Oceania,1965
49640,Oceania,1965
49661,North America,1971
49665,North America,1972
49666,North America,1965
49667,North America,1971
49676,North America,1973
49677,Asia,1992
49678,Asia,1992
49679,Asia,1992
49680,Asia,1992
49681,Asia,1992
49682,North America,1971
49683,North America,1971
49684,North America,1971
49685,North America,1971
49686,North America,1971
49687,North America,1971
49688,North America,1971
49689,North America,1971
49700,Asia,1990
49701,Asia,1993
49702,Asia,1993
49703,Asia,1993
49704,Asia,1993
49705,North America,1970
49706,North America,1970
49707,North America,1970
49708,North America,1970
49709,North America,1970
49804,North America,1982
49805,North America,1982
49806,North America,1982
49807,North America,1982
49808,North America,1969
49809,North America,1967
49845,North America,1985
49846,North America,1985
49847,North America,1986
49848,North America,1986
49849,North America,1986
49850,North America,1986
49851,North America,1986
49852,North America,1986
49853,North America,1986
49854,North America,1986
49855,North America,1986
49856,North America,1986
49857,North America,1987
49858,North America,1987
49859,North America,1988
49860,North America,1988
49861,North America,1988
49862,North America,1988
49863,North America,1988
49864,North America,1988
49865,North America,1988
49866,North America,1989
49867,North America,1992
49868,Oceania,1962
49869,Oceania,1963
49870,Oceania,1975
49871,North America,1994
49872,North America,1994
49873,North America,1964
49874,North America,1964
49875,North America,1964
49876,North America,1964
49877,North America,1964
49878,North America,1964
49879,North America,1964
49880,Asia,1964
49881,North America,1964
49882,North America,1964
49884,South America,1996
49885,South America,1996
49886,South America,1996
49887,South America,1996
49888,South America,1996
49889,South America,1996
49890,South America,1996
49891,South America,1996
49892,South America,1996
49893,South America,1996
49894,South America,1996
49895,South America,1996
49899,North America,1995
49900,North America,1995
49901,North America,1995
49902,North America,1995
49903,North America,1995
49904,North America,1995
49905,North America,1995
49906,North America,1995
49907,North America,1985
49908,North America,1986
49909,North America,1986
49910,North America,1986
49911,North America,1986
49912,North America,1986
49913,North America,1986
49914,North America,1986
49915,North America,1986
49916,North America,1986
49917,North America,1986
49918,North America,1986
49949,North America,1994
49950,North America,1994
49951,North America,1994
49952,North America,1994
49953,North America,1994
49954,North America,1994
49955,North America,1994
49956,North America,1994
49957,North America,1994
49958,North America,1994
49959,North America,1994
49960,North America,1994
49963,North America,1996
49964,North America,1996
49965,North America,1996
49966,North America,1996
49967,Asia,1995
49969,North America,1961
50042,North America,1996
50043,North America,1996
50080,,1996
50081,,1996
50082,,1996
50083,,1996
50084,,1996
50085,,1996
50086,,1996
50087,,1996
50088,,1996
50089,,1996
50100,North America,1980
50101,North America,1982
50102,North America,1984
50103,North America,1991
50104,North America,1992
50110,North America,1967
50111,North America,1967
50112,North America,1967
50113,North America,1967
50114,North America,1967
50115,North America,1967
50116,North America,1967
50117,North America,1967
50118,North America,1967
50119,North America,1967
50120,North America,1967
50121,North America,1967
50122,North America,1967
50137,North America,1997
50138,North America,1997
50139,North America,1997
50140,North America,1997
50141,North America,1997
50145,Oceania,1994
50146,Oceania,1994
50147,Oceania,1994
50148,Oceania,1994
50149,Oceania,1994
50150,Oceania,1994
50151,Oceania,1994
50152,Oceania,1994
50153,Oceania,1994
50154,Oceania,1997
50155,Oceania,1997
50156,Oceania,1997
50157,Oceania,1997
50158,Oceania,1997
50159,Oceania,1997
50160,Oceania,1997
50161,Oceania,1997
50162,Oceania,1997
50163,Oceania,1997
50164,Oceania,1997
50165,Oceania,1997
50166,Oceania,1997
50167,Oceania,1997
50168,Oceania,1997
50169,Oceania,1997
50170,Oceania,1997
50171,Oceania,1997
50172,Oceania,1997
50173,Oceania,1997
50174,Oceania,1997
50175,Oceania,1997
50176,Oceania,1997
50177,Oceania,1997
50178,Oceania,1997
50231,Asia,1998
50232,Asia,1998
50233,Asia,1998
50234,Asia,1998
50235,Asia,1998
50236,Asia,1998
50237,Asia,1998
50238,Asia,1998
50239,Asia,1998
50246,North America,1997
50247,Asia,1997
50248,Asia,1997
50249,Asia,1997
50250,Asia,1997
50251,Asia,1997
50266,Africa,1997
50267,North America,1990
50268,North America,1990
50269,North America,1990
50270,North America,1990
50280,North America,1998
50329,North America,1998
50344,Asia,1974
50345,Asia,1974
50346,Asia,1991
50347,Asia,1991
50348,Asia,1991
50399,North America,1976
50400,North America,1976
50401,North America,1976
50402,North America,1976
50403,North America,1976
50404,North America,1976
50405,North America,1967
50406,North America,1967
50407,North America,1967
50408,North America,1967
50409,North America,1967
50410,North America,1967
50411,North America,1967
50412,North America,1967
50416,Asia,2000
50419,North America,2000
50421,,1996
50423,North America,2000
50428,,2000
50433,North America,2000
50434,North America,2000
50435,North America,2000
50438,North America,1998
50439,North America,1998
50440,North America,1998
50441,North America,1998
50442,North America,1998
50443,North America,1998
50444,North America,1998
50445,North America,1998
50446,North America,1998
50460,North America,1999
50461,North America,1999
50462,North America,1999
50463,North America,1999
50464,North America,1999
50465,North America,1999
50466,North America,1999
50467,North America,1999
50509,,1973
50511,,1973
50513,,1973
50514,,1973
50515,,1973
50516,North America,1976
50517,North America,1976
50518,North America,1976
50519,North America,1976
50520,North America,1976
50521,North America,1976
50522,North America,1976
50523,North America,1976
50524,North America,1976
50525,North America,1976
50526,North America,1976
50527,North America,1976
50528,North America,1976
50529,North America,1976
50530,North America,2000
50531,North America,2000
50536,Oceania,2000
50551,,1999
50552,,2000
50555,North America,1976
50580,Africa,1999
50581,Africa,1999
50582,Africa,1999
50583,Africa,1999
50584,Africa,1999
50585,Africa,1999
50586,Africa,1999
50587,Africa,1999
50588,Africa,1999
50589,Africa,2000
50614,North America,1999
50615,Africa,1956
50625,North America,1999
50626,North America,1990
50628,Asia,2000
50629,Asia,2000
50630,Asia,2000
50631,Asia,2000
50632,Asia,2000
50633,Asia,2000
50634,Asia,2000
50635,Asia,2000
50636,Asia,2000
50637,Asia,2000
50638,Asia,2000
50639,Asia,2000
50640,Asia,2000
50650,South America,1972
50651,South America,1973
50652,South America,1974
50666,Africa,1974
50667,Africa,1974
50668,Africa,1974
50669,Africa,1974
50670,Africa,1974
50671,Africa,1974
50672,Africa,1974
50673,Africa,1974
50674,Africa,1974
50675,Africa,1974
50676,Africa,1974
50752,North America,2002
50753,North America,2002
50754,North America,2002
50755,North America,2002
50756,North America,2002
50757,North America,2002
50758,North America,2002
50759,North America,2002
50760,North America,2002
50761,North America,2002
50762,North America,2002
50763,North America,2002
50769,,1985
50770,,1985
50771,,1985
50772,,1985
50773,,1985
50774,,1985
50775,,1985
50776,,1985
50777,,1985
50778,,1985
50779,,1985
50780,,1985
50781,,1985
50782,,1985
50783,,1985
50784,,1985
50785,,1985
50786,,1985
50787,,1985
50788,,1985
50789,,1985
50790,,1985
50791,,1985
50792,,1985
50793,,1985
50794,,1985
50795,,1985
50796,,1985
50797,,1985
50798,,1985
50950,North America,1987
50952,Africa,2004
50953,Africa,2004
50954,Africa,2004
50955,Africa,2004
50956,Africa,2004
51066,North America,2000
51094,South America,1970
51095,North America,1992
51096,North America,1998
51097,North America,1998
51098,North America,1990
51099,North America,1992
51100,North America,2004
51101,North America,2004
51102,North America,2004
51103,North America,2004
51104,North America,2004
51105,North America,2004
51106,North America,2005
51107,North America,2004
51108,North America,2004
51109,North America,2004
51116,Asia,2005
51117,Asia,2005
51118,Asia,2005
51119,Asia,2005
51120,Asia,2003
51121,Asia,2001
51124,North America,2005
51126,North America,2004
51127,Oceania,1973
51233,South America,2003
51234,South America,2003
51235,South America,2003
51236,South America,2003
51237,South America,2003
51238,South America,2003
51239,South America,2003
51240,South America,2003
51241,South America,2003
51242,South America,2003
51243,South America,2003
51244,North America,2007
51246,North America,1977
51251,North America,2007
51252,North America,2007
51262,South America,2007
51271,,2008
51272,North America,2008
51285,Asia,2007
51286,Asia,2007
51287,Asia,2007
51288,Asia,2007
51289,Asia,2007
51290,Asia,2007
51291,Asia,2007
51292,Asia,2007
51293,Asia,2007
51294,Asia,2007
51295,Asia,2007
51296,Asia,2007
51297,Asia,2007
51298,Asia,2007
51299,Asia,2007
51300,Asia,2007
51301,Asia,2007
51302,Asia,2007
51303,Asia,2007
51304,Asia,2007
51305,Asia,2007
51306,Asia,2007
51307,Asia,2007
51308,Asia,2007
51309,Asia,2007
51310,Asia,2007
51311,Asia,2007
51312,Asia,2007
51313,Asia,2007
51314,Asia,2007
51315,Asia,2007
51316,Asia,2007
51317,Asia,2007
51318,Asia,2007
51319,Asia,2007
51320,Asia,2007
51321,Asia,2007
51322,Asia,2007
51323,Asia,2007
51324,Asia,2007
51325,Asia,2007
51326,Asia,2007
51327,Asia,2007
51328,Asia,2007
51329,Asia,2007
51330,Asia,2007
51331,Asia,2007
51332,Asia,2007
51333,Asia,2007
51334,Asia,2007
51335,Asia,2007
51336,Asia,2007
51337,Asia,2007
51338,Asia,2007
51339,Asia,2007
51340,Asia,2007
51341,Asia,2007
51342,Asia,2007
51343,Asia,2007
51344,Asia,2007
51345,Asia,2007
51346,Asia,2007
51347,Asia,2007
51348,Asia,2007
51349,Asia,2007
51350,Asia,2007
51351,Asia,2007
51352,Asia,2007
51353,Asia,2007
51354,Asia,2007
51355,Asia,2007
51356,Asia,2007
51357,Asia,2007
51358,Asia,2007
51359,Asia,2007
51360,Asia,2007
51361,Asia,2007
51362,Asia,2007
51363,Asia,2007
51364,Asia,2007
51365,Asia,2007
51366,Asia,2007
51367,Asia,2007
51368,Asia,2007
51369,Asia,2007
51370,Asia,2007
51371,Asia,2007
51372,Asia,2007
51373,Asia,2007
51374,Asia,2007
51375,Asia,2007
51376,Asia,2007
51377,Asia,2007
51378,Asia,2007
51379,Asia,2007
51380,Asia,2007
51381,Asia,2007
51382,Asia,2007
51383,Asia,2007
51384,Asia,2007
51385,Asia,2007
51386,Asia,2007
51387,Asia,2007
51388,Asia,2007
51389,Asia,2007
51390,Asia,2007
51391,Asia,2007
51392,Asia,2007
51393,Asia,2007
51394,Asia,2007
51395,Asia,2007
51396,Asia,2007
51397,Asia,2007
51398,Asia,2007
51399,Asia,2007
51400,Asia,2007
51401,Asia,2007
51402,South America,1995
51403,South America,1995
51404,South America,1995
51405,South America,1995
51406,South America,1995
51407,South America,1995
51408,South America,1995
51409,South America,1995
51410,South America,1995
51411,South America,1995
51412,South America,1995
51413,South America,1995
51414,South America,1995
51415,South America,1995
51416,South America,1995
51417,South America,1995
51418,South America,1995
51419,South America,1995
51420,South America,1995
51421,South America,1995
51422,South America,1995
51423,South America,1995
51424,South America,1995
51425,South America,1995
51426,South America,1995
51427,South America,1995
51428,South America,1995
51429,South America,1995
51430,South America,1995
51431,South America,1995
51432,South America,1995
51433,South America,1995
51434,South America,1995
51435,South America,1995
51436,South America,1995
51437,South America,1995
51438,South America,1995
51439,South America,1995
51440,South America,1995
51441,South America,1995
51442,South America,1995
51443,South America,1995
51444,South America,1995
51445,South America,1995
51446,South America,2001
51447,South America,2001
51448,South America,2001
51449,South America,2001
51450,South America,2001
51451,South America,2001
51452,South America,2001
51453,South America,2001
51454,South America,2001
51455,South America,2001
51456,South America,2001
51457,South America,2001
51458,South America,2001
51459,South America,2001
51460,South America,2001
51461,South America,2001
51462,South America,2001
51463,South America,2001
51464,South America,2001
51465,South America,2001
51466,South America,2001
51467,South America,2001
51468,South America,2001
51469,South America,2001
51470,South America,2001
51471,South America,2001
51472,South America,2001
51473,South America,2001
51474,South America,2001
51475,South America,2001
51476,South America,2001
51477,South America,2001
51478,South America,2001
51479,South America,2001
51480,South America,2001
51481,South America,2001
51482,South America,2001
51483,South America,2001
51484,South America,2001
51485,South America,2001
51486,South America,2001
51487,South America,2001
51488,South America,2001
51489,South America,1976
51490,South America,1976
51491,South America,1976
51492,South America,1976
51493,South America,1976
51494,South America,1976
51495,South America,1976
51496,South America,1976
51497,South America,1976
51498,South America,1976
51499,South America,1976
51500,South America,1976
51501,South America,1976
51502,South America,1976
51503,South America,1976
51504,South America,1976
51505,South America,1976
51506,South America,1976
51507,South America,1976
51508,South America,1976
51509,South America,1976
51510,South America,1976
51511,South America,1976
51512,South America,1976
51513,South America,1976
51514,South America,1976
51515,South America,1976
51516,South America,1976
51517,South America,1976
51518,South America,1976
51519,South America,1976
51520,South America,1976
51521,South America,1976
51522,South America,1976
51523,South America,1976
51524,South America,1976
51525,South America,1976
51526,South America,1976
51527,South America,1976
51528,South America,1976
51529,South America,1976
51530,South America,1976
51531,South America,1976
51532,South America,1976
51533,South America,1976
51534,South America,1976
51535,South America,1976
51536,South America,1976
51537,South America,1976
51538,South America,1976
51539,South America,1976
51540,South America,1976
51541,South America,1976
51542,South America,1976
51543,South America,1976
51544,South America,1976
51545,South America,1976
51546,South America,1976
51547,South America,1976
51548,South America,1976
51549,South America,1976
51550,South America,1976
51551,South America,1976
51552,South America,1976
51553,South America,1976
51554,South America,1976
51555,South America,1976
51556,South America,1976
51557,South America,1976
51558,South America,1976
51559,South America,1976
51560,South America,1976
51561,South America,1976
51562,South America,1976
51563,South America,1976
51564,South America,1976
51565,South America,1976
51566,South America,1976
51567,South America,1976
51568,South America,1976
51569,South America,1986
51570,South America,1983
51571,South America,1982
51572,South America,1981
51573,South America,1981
51574,South America,1982
51575,South America,1981
51576,South America,1981
51577,South America,1980
51578,South America,1980
51579,South America,1980
51580,South America,1980
51581,South America,1980
51582,South America,1982
51583,South America,1981
51584,South America,1981
51585,South America,1982
51586,South America,1982
51587,South America,1982
51588,South America,1983
51589,South America,1982
51590,South America,1982
51591,South America,1982
51592,South America,1982
51593,South America,1982
51594,South America,1981
51595,South America,1982
51609,North America,2007
51610,North America,2007
51611,North America,2007
51612,North America,2007
51613,North America,2007
51614,North America,2007
51641,North America,1985
51642,North America,1994
51643,North America,1991
51644,North America,2001
51646,North America,2001
51647,North America,2001
51648,North America,2001
51660,,2008
51662,North America,2007
51678,North America,1984
51689,Africa,2007
51690,Africa,2007
51691,Africa,2007
51692,Africa,2007
51693,Africa,2007
51694,Africa,2007
51695,Africa,2007
51696,Africa,2007
51697,Africa,2008
51698,Africa,2008
51699,Africa,2008
51700,Africa,2008
51701,Africa,2008
51702,Africa,2008
51703,Africa,2006
51704,Africa,2006
51705,Africa,2006
51706,Africa,2006
51707,Africa,2008
51708,Africa,2008
51709,Africa,2008
51723,North America,1988
51724,North America,1988
51725,North America,1988
51726,North America,1988
51727,North America,1988
51728,North America,1988
51729,North America,1988
51730,North America,1988
51731,North America,1988
51732,North America,1988
51733,North America,1988
51734,North America,1988
51735,North America,1988
51736,North America,1988
51737,North America,1988
51738,North America,1988
51739,North America,1988
51740,North America,1988
51741,North America,1988
51742,North America,1988
51743,North America,1988
51744,North America,1988
51745,North America,1988
51746,North America,1988
51747,North America,1988
51748,North America,1988
51749,North America,1988
51750,North America,1988
51751,North America,1988
51752,North America,1988
51753,North America,1988
51754,North America,1988
51755,North America,1988
51756,North America,1988
51757,North America,1988
51758,North America,1988
51760,North America,1978
51761,North America,1978
51762,North America,1979
51783,,1950
51784,,1950
51808,Asia,1967
51809,North America,2008
51834,Asia,1972
51835,North America,1982
51836,North America,2000
51837,North America,2005
51838,North America,2001
51839,North America,2000
51840,North America,1998
51841,North America,2004
51842,North America,1996
51843,North America,1999
51844,North America,1996
51845,North America,1996
51846,North America,1999
51847,North America,2006
51848,North America,1999
51849,North America,1999
51850,North America,1999
51851,North America,1999
51852,North America,1999
51853,North America,1999
51854,North America,1999
51855,North America,1999
51856,North America,1999
51868,Africa,1957
51869,Africa,1956
51870,Asia,1953
51871,Asia,1953
51872,Asia,1953
51873,Asia,1953
51874,Asia,1953
51875,Asia,1953
51876,Asia,1953
51877,Asia,1953
51878,Asia,1953
51879,Asia,1953
51880,,1953
51881,,1953
51882,,1953
51883,,1953
51884,,1953
51885,,1953
51886,,1953
51887,,1953
51888,,1953
51889,,1953
51891,North America,1984
51892,North America,1984
51893,North America,1984
51919,North America,1972
51920,,1968
51921,,1970
51922,,1970
51923,,1972
51924,,1972
51925,,1972
51926,,1966
51927,,1972
51928,,1972
51929,Oceania,1967
51939,South America,1957
51943,Asia,2008
51944,Asia,1985
51945,North America,1976
51946,North America,1980
51947,North America,1973
51948,North America,1980
51949,North America,1978
51950,North America,1975
51951,North America,1980
51952,North America,1980
51953,North America,1979
51954,North America,1974
51955,Asia,1964
51956,Asia,1964
51957,Asia,1964
51958,Asia,1964
51959,Asia,1964
51960,Asia,1964
51961,Asia,1964
51962,Asia,1964
51963,Asia,1964
51964,Asia,1964
51965,Asia,1964
51966,Asia,1964
51967,Asia,1964
51968,Asia,1964
51969,Asia,1970
51970,Asia,1970
51971,Asia,1970
51972,Asia,1970
51973,Asia,1970
51974,Asia,1970
51975,Asia,1970
51976,Asia,1970
51977,Asia,1970
51978,Asia,1970
51979,Asia,1970
51980,Asia,1970
51981,Asia,1970
51982,Asia,1970
51983,Asia,1970
51984,Asia,1970
52018,North America,1958
52019,North America,1961
52031,Asia,1974
52032,Asia,1974
52033,Asia,1974
52034,Asia,1974
52035,Asia,1974
52036,Asia,2009
52038,Asia,2004
52039,Africa,2008
52040,Africa,1978
52041,Africa,1978
52042,Africa,1978
52043,Africa,1978
52044,Africa,1978
52045,Africa,1979
52046,Africa,1979
52047,Africa,1979
52048,Africa,1979
52049,Africa,1979
52073,,1972
52074,,1972
52075,,1972
52076,,1972
52077,,1972
52078,,1972
52079,,1972
52080,,1972
52081,,1972
52107,Africa,1974
52108,Africa,1974
52109,Africa,1975
52110,Africa,1971
52111,Africa,1975
52112,Africa,1974
52113,Africa,1975
52114,Africa,1974
52119,Asia,1972
52120,Asia,1977
52121,Asia,1977
52122,Asia,1979
52123,,1972
52125,Asia,1988
52126,North America,1969
52153,Oceania,1950
52200,North America,1952
52237,North America,1956
52251,Oceania,1956
52261,North America,1957
52263,Oceania,1956
52264,Oceania,1957
52293,Asia,1955
52344,South America,1958
52360,North America,1956
52361,North America,1957
52404,North America,1958
52406,Africa,1953
52444,North America,1956
52455,Asia,1951
52472,,1955
52486,North America,1959
52499,Asia,1960
52536,Oceania,1960
52539,North America,1952
52544,North America,1959
52545,North America,1956
52556,North America,1961
52565,North America,1958
52569,,1961
52594,South America,1960
52608,North America,1961
52613,North America,1958
52622,North America,1957
52623,North America,1961
52624,North America,1961
52625,North America,1961
52628,North America,1950
52629,North America,1961
52631,Asia,1961
52641,Asia,1958
52643,North America,1960
52648,Asia,1960
52663,North America,1962
52665,North America,1962
52674,North America,1951
52675,North America,1957
52676,North America,1958
52677,North America,1958
52691,North America,1962
52702,North America,1962
52733,North America,1957
52745,North America,1963
52747,South America,1963
52752,Asia,1962
52763,North America,1963
52767,Oceania,1963
52770,North America,1964
52775,South America,1963
52783,Asia,1964
52791,South America,1960
52803,North America,1964
52821,Asia,1964
52822,Asia,1961
52827,North America,1962
52834,Africa,1964
52835,Africa,1963
52845,North America,1964
52854,North America,1964
52857,North America,1965
52858,North America,1965
52860,North America,1962
52890,South America,1965
52894,South America,1964
52900,North America,1962
52903,South America,1965
52921,,1964
52951,Africa,1960
52953,Africa,1965
52968,North America,1966
52970,North America,1963
52978,North America,1954
52987,North America,1964
52993,North America,1963
52994,North America,1961
52996,North America,1965
53005,North America,1966
53022,North America,1960
53027,North America,1964
53042,North America,1959
53057,North America,1966
53101,Africa,1966
53106,Africa,1967
53119,Africa,1968
53125,North America,1967
53127,Asia,1967
53131,North America,1960
53132,North America,1961
53134,Africa,1964
53140,Asia,1967
53141,North America,1968
53144,North America,1967
53152,North America,1965
53161,North America,1967
53162,North America,1953
53163,North America,1951
53166,North America,1963
53186,North America,1968
53195,,1968
53201,North America,1963
53205,North America,1962
53245,North America,1969
53250,North America,1967
53257,North America,1969
53263,Africa,1964
53266,Africa,1963
53269,Africa,1969
53282,Africa,1970
53286,North America,1970
53294,Africa,1963
53304,Africa,1968
53321,Asia,1957
53336,North America,1967
53342,North America,1966
53345,North America,1970
53352,Asia,1954
53363,Africa,1963
53364,Africa,1963
53365,Africa,1963
53366,Africa,1963
53367,Africa,1965
53368,Africa,1966
53369,Africa,1966
53370,Africa,1966
53371,Africa,1967
53372,Africa,1970
53373,Africa,1967
53374,Africa,1970
53384,Africa,1962
53385,Africa,1963
53386,Africa,1963
53387,Africa,1964
53388,Africa,1964
53389,Africa,1965
53390,Africa,1965
53391,Africa,1966
53392,Africa,1968
53404,Africa,1963
53405,Africa,1965
53406,Africa,1968
53407,Africa,1968
53434,North America,1966
53452,Africa,1963
53457,North America,1971
53463,Africa,1970
53472,North America,1953
53485,Asia,1971
53493,North America,1967
53494,North America,1951
53495,North America,1965
53496,North America,1959
53497,North America,1966
53509,North America,1960
53516,North America,1964
53526,North America,1962
53629,North America,1970
53631,North America,1969
53632,North America,1959
53633,North America,1957
53636,North America,1957
53638,North America,1962
53639,North America,1964
53640,North America,1967
53644,,1972
53645,,1972
53646,,1972
53647,,1970
53668,North America,1973
53669,North America,1969
53674,North America,1970
53688,North America,1971
53701,North America,1970
53702,North America,1969
53707,North America,1973
53708,North America,1968
53734,Africa,1970
53735,Africa,1971
53736,Africa,1971
53740,North America,1968
53741,North America,1969
53745,North America,1968
53746,North America,1963
53762,North America,1950
53774,North America,1973
53780,North America,1972
53781,North America,1965
53819,North America,1965
53831,,1974
53832,,1974
53849,North America,1972
53850,North America,1972
53851,North America,1972
53852,North America,1972
53907,Asia,1973
53908,Asia,1973
53925,North America,1974
53935,Oceania,1976
53940,North America,1967
53974,Africa,1958
53975,Africa,1972
53976,Africa,1976
53977,Africa,1976
53995,South America,1963
54036,North America,1967
54037,North America,1967
54038,North America,1967
54039,North America,1966
54042,North America,1976
54119,,1951
54152,North America,1977
54216,North America,1954
54245,Africa,1978
54303,Oceania,1973
54306,North America,1968
54307,North America,1968
54309,North America,1979
54310,North America,1979
54942,North America,1975
54945,North America,1979
54957,North America,1974
54966,North America,1950
54967,North America,1960
54968,North America,1965
54972,North America,1980
54978,North America,1962
54980,North America,1950
54982,North America,1965
54985,North America,1980
54995,North America,1967
55050,North America,1980
55070,Africa,1980
55071,Africa,1980
55091,,1960
55123,,1974
55124,North America,1980
55148,North America,1963
55158,North America,1961
55167,North America,1977
55172,North America,1961
55178,,1980
55205,,1979
55228,,1981
55240,North America,1977
55246,North America,1981
55247,North America,1966
55248,North America,1980
55252,North America,1980
55317,North America,1982
55320,North America,1982
55321,North America,1981
55328,,1970
55329,,1981
55344,North America,1981
55411,Oceania,1982
55425,North America,1982
55428,Oceania,1957
55429,Oceania,1964
55430,Oceania,1955
55431,Oceania,1956
55432,Oceania,1957
55433,Oceania,1964
55434,Oceania,1966
55435,Oceania,1977
55463,South America,1959
55544,Asia,1981
55565,North America,1978
55574,Africa,1960
55576,North America,1983
55587,North America,1963
55594,,1982
55595,,1982
55596,,1982
55597,,1982
55598,,1981
55599,North America,1981
55639,North America,1983
55696,North America,1980
55697,North America,1979
55698,North America,1980
55699,North America,1978
55700,North America,1979
55701,North America,1979
55702,North America,1981
55703,North America,1976
55704,North America,1977
55705,North America,1977
55711,North America,1983
55712,Oceania,1984
55713,North America,1975
55746,North America,1984
55764,North America,1951
55855,North America,1983
55860,Oceania,1984
55867,North America,1985
55876,North America,1982
56430,,1956
56447,,1958
56451,,1950
56452,North America,1971
56456,South America,1984
56476,,1986
56480,North America,1986
56495,North America,1986
56496,Asia,1972
56497,Asia,1983
56503,North America,1967
56505,North America,1986
56579,Asia,1987
56580,Asia,1987
56581,Asia,1987
56582,Asia,1987
56583,Asia,1987
56584,Asia,1987
56589,Asia,1987
56604,Asia,1987
56643,North America,1987
56783,North America,1988
57035,Asia,1987
57036,Asia,1987
57037,Asia,1987
57038,Asia,1988
57039,Asia,1986
57043,North America,1960
57063,North America,1984
57107,Africa,1972
57142,Asia,1982
57144,North America,1988
57161,,1984
57181,North America,1988
57183,North America,1989
57190,Asia,1989
57256,,1969
57257,South America,1971
57270,Asia,1990
57277,Asia,1989
57278,Asia,1989
57279,Asia,1990
57282,North America,1976
57289,Asia,1986
57290,Asia,1989
57291,Asia,1989
57292,Asia,1989
57326,North America,1954
57327,Asia,1991
57328,Asia,1990
57336,Africa,1954
57370,North America,1972
57371,Africa,1983
57372,North America,1981
57374,Oceania,1985
57378,North America,1985
57438,,1966
57439,,1969
57440,,1981
57442,Asia,1991
57456,North America,1989
57479,North America,1972
57483,,1956
57484,Africa,1960
57500,North America,1989
57501,North America,1990
57503,Asia,1952
57516,South America,1985
57535,South America,1981
57572,North America,1986
57578,South America,1965
57583,North America,1989
57589,South America,1979
57616,Asia,1959
57625,Asia,1992
57686,North America,1985
57687,North America,1992
57733,North America,1980
57777,Africa,1991
57781,North America,1993
57794,North America,1992
57816,Asia,1988
57817,North America,1990
57818,Asia,1993
57819,North America,1995
57821,North America,1985
57842,,1969
57846,Oceania,1964
57850,North America,1991
57879,North America,1995
57882,North America,1994
57904,North America,1982
57911,,1954
57912,,1956
57913,North America,1994
57914,North America,1977
57924,,1957
57925,North America,1994
57928,North America,1970
57948,Africa,1952
57950,North America,1995
57953,North America,1965
57954,North America,1976
57960,North America,1979
57961,North America,1984
57962,North America,1962
57963,North America,1985
57964,North America,1979
57965,North America,1964
57966,North America,1986
57967,North America,1982
57968,North America,1969
57969,North America,1980
57972,North America,1984
57973,North America,1982
57974,North America,1984
57975,,1977
57976,,1980
57977,,1982
57986,Oceania,1983
57987,Oceania,1985
57990,North America,1981
57995,North America,1988
57996,North America,1981
57997,North America,1989
57998,North America,1990
57999,Asia,1991
58004,North America,1983
58008,North America,1994
58019,Asia,1981
58020,Africa,1996
58021,Africa,1996
58022,Africa,1996
58023,Africa,1996
58024,Africa,1996
58025,Africa,1996
58041,Asia,1992
58042,Asia,1990
58043,Asia,1992
58044,Asia,1993
58045,Asia,1993
58046,Asia,1993
58054,North America,1993
58092,,1967
58096,Asia,1996
58114,North America,1990
58117,Asia,1978
58118,Asia,1982
58119,Asia,1993
58132,,1995
58154,North America,1991
58155,North America,1969
58158,Oceania,1987
58163,North America,1988
58215,North America,1996
58218,,1977
58219,Asia,1990
58226,North America,1994
58244,North America,1998
58245,North America,1998
58246,North America,1997
58250,North America,1991
58257,Oceania,1998
58258,Asia,1998
58264,,1995
58265,,1996
58270,Africa,1997
58271,Africa,1997
58274,Asia,1996
58276,Asia,1996
58290,North America,1991
58291,Africa,1994
58292,Africa,1996
58293,Africa,1997
58294,Africa,1989
58295,Africa,1990
58296,Africa,1991
58297,Africa,1991
58303,North America,1969
58305,,1994
58309,Asia,1998
58318,North America,1995
58322,North America,1962
58323,North America,1962
58324,North America,1993
58328,North America,1964
58331,North America,1998
58334,South America,1998
58335,South America,1998
58342,North America,1985
58343,Oceania,1960
58347,Asia,1983
58348,Asia,1984
58349,Asia,1988
58374,Asia,1950
58375,Asia,1950
58376,Asia,1950
58377,Asia,1950
58378,Asia,1950
58379,Asia,1950
58380,Asia,1950
58383,North America,1997
58392,,1995
58401,North America,1966
58402,North America,1978
58403,Asia,1988
58427,North America,1989
58431,North America,1959
58443,North America,1996
58459,Asia,1996
58460,Asia,1991
58461,Asia,1997
58462,Asia,1997
58463,Asia,1999
58464,Asia,1984
58465,Asia,1984
58466,Asia,1992
58467,Asia,1998
58468,Asia,1993
58469,Asia,1993
58470,Asia,1993
58476,Africa,1990
58477,North America,1999
58478,North America,2000
58487,North America,1998
58489,North America,1999
58496,Asia,1997
58498,North America,1976
58511,,1959
58519,North America,1998
58520,North America,1998
58537,Oceania,1985
58540,South America,1993
58548,Asia,1999
58549,Asia,2000
58588,Africa,1998
58590,Asia,1998
58599,South America,1987
58601,,2000
58602,,1999
58603,Africa,1958
58628,Africa,1952
58631,North America,1969
58637,North America,1991
58638,North America,1990
58640,North America,1989
58648,Africa,1999
58649,North America,1993
58650,North America,1993
58651,North America,1993
58652,North America,1993
58659,Asia,1953
58660,Asia,1954
58661,North America,1971
58680,Asia,1999
58685,,1990
58709,North America,1993
58710,North America,1975
58711,North America,1990
58714,Asia,2001
58721,North America,1993
58730,Asia,1999
58731,North America,1954
58742,Africa,1983
58747,North America,1952
58748,North America,1965
58749,North America,1969
59587,North America,1964
59588,North America,1966
59589,North America,1968
59590,North America,1967
59591,North America,1970
59592,North America,1973
59593,North America,1975
59594,North America,1971
59608,South America,1996
59613,North America,1971
59614,Asia,1998
59615,North America,1975
59616,North America,1975
59617,North America,1975
59618,North America,1975
59619,North America,1975
59620,North America,1975
59621,North America,1975
59622,North America,1975
59623,North America,1975
59624,North America,1975
59625,North America,1975
59626,North America,1975
59627,North America,1975
59628,North America,1975
59629,North America,1975
59630,North America,1975
59631,North America,1975
59645,North America,1980
59651,South America,2001
59652,Asia,2003
59653,North America,2001
59655,Asia,2002
59656,Asia,2002
59657,Asia,2003
59659,Asia,1992
59666,North America,2002
59675,South America,1984
59676,South America,1993
59689,Africa,1959
59691,Africa,2002
59692,,2001
59693,North America,1991
59711,South America,2000
59712,North America,2003
59715,South America,1992
59716,Asia,1993
59717,Asia,1980
59718,Asia,1963
59719,Asia,1993
59720,Asia,1993
59721,Asia,1993
59722,Asia,1993
59723,Asia,1993
59724,Asia,1993
59736,North America,2001
59737,North America,2003
59754,,2000
59760,North America,2004
59762,North America,1973
59764,North America,1955
59765,North America,1973
59770,South America,1999
59771,North America,1987
59772,North America,1989
59773,North America,1989
59774,North America,1989
59775,North America,1990
59776,North America,1990
59777,North America,1991
59778,North America,1992
59779,North America,1993
59780,North America,1998
59781,North America,1998
59784,South America,2004
59787,South America,1997
59810,Africa,1961
59811,Africa,1991
59813,South America,2002
59814,Asia,2002
59817,Africa,1972
59823,North America,1997
59825,Oceania,1984
59827,Asia,2003
59831,Asia,2003
59833,North America,1990
59834,North America,1990
59835,North America,1990
59836,North America,1990
59837,North America,1990
59838,North America,1990
59839,North America,1990
59840,North America,1990
59841,North America,1990
59842,North America,1990
59843,North America,1990
59844,North America,1990
59845,North America,1990
59847,Asia,2001
59854,North America,2003
59866,North America,2005
59879,,1989
59880,Oceania,1992
59882,North America,1999
59885,Asia,1950
59892,,1955
59893,,1955
59894,,1955
59895,Asia,1955
59896,Asia,1950
59897,Asia,1950
59898,Asia,1955
59899,Asia,1955
59900,Asia,1955
59901,Asia,1955
59902,Asia,1950
59903,Asia,1950
59904,Asia,1958
59905,Asia,1957
59906,Asia,1958
59907,Asia,1958
59908,Asia,1959
59909,Asia,1960
59910,Asia,1955
59911,Asia,1960
59912,Asia,1965
59913,Asia,1960
59914,Asia,1961
59915,Asia,1965
59916,Asia,1965
59917,Asia,1960
59918,Asia,1955
59919,Asia,1960
59920,Asia,1955
59921,Asia,1965
59922,Asia,1960
59923,Asia,1955
59924,Asia,1960
59925,Asia,1960
59926,Asia,1955
59927,Asia,1960
59928,Asia,1950
59929,Asia,1960
59932,Asia,1950
59933,Asia,1960
59934,Asia,1955
59937,,1975
59938,,1970
59939,,1970
59949,North America,1965
59950,North America,1960
59951,North America,1965
59960,South America,1989
59962,South America,2005
59963,North America,1991
59964,North America,1991
59965,North America,1991
59966,North America,1991
59967,North America,1991
59974,Africa,1999
59991,North America,2000
59992,South America,1978
59993,South America,1972
59994,,2005
59998,South America,2005
59999,South America,2004
60000,South America,2004
60001,,2003
60010,Oceania,1991
60026,Asia,1961
60027,North America,1992
60033,South America,1970
60034,North America,2005
60035,South America,2002
60042,North America,2005
60044,North America,2004
60045,South America,1999
60069,South America,1968
60070,North America,1999
60071,North America,1999
60072,North America,1999
60073,North America,1999
60074,North America,1999
60075,North America,1998
60076,North America,1998
60077,North America,1998
60082,North America,1972
60087,North America,2000
60088,North America,1998
60089,North America,1998
60092,North America,2006
60093,Oceania,1955
60094,Oceania,1970
60095,Oceania,1975
60096,Oceania,1977
60097,Oceania,1981
60117,North America,1999
60119,Asia,2006
60124,North America,2004
60130,North America,1998
60135,Africa,2004
60136,Africa,2004
60140,South America,1994
60141,Asia,2004
60142,North America,1996
60143,North America,2004
60146,North America,2006
60147,North America,2001
60148,Asia,1996
60151,South America,1970
60175,North America,2005
60196,Asia,2006
60225,North America,1969
60226,North America,1970
60229,,1980
60231,Asia,1969
60232,Asia,1969
60234,Africa,2000
60235,South America,2006
60237,South America,1966
60238,South America,1965
60239,South America,1958
60240,South America,1958
60241,South America,1958
60268,North America,1999
60269,North America,1969
60270,North America,2006
60272,South America,1964
60274,North America,1980
60290,North America,2005
60322,North America,2005
60325,North America,1991
60326,North America,2007
60327,South America,1999
60328,,1991
60330,South America,1970
60331,South America,1970
60332,South America,1970
60333,South America,1970
60334,South America,1970
60335,South America,1970
60336,South America,1970
60337,South America,1970
60338,South America,1970
60339,South America,1970
60340,South America,1970
60341,South America,1970
60342,South America,1970
60343,South America,1970
60344,South America,1970
60345,South America,1970
60346,South America,1970
60347,South America,1970
60348,South America,1970
60349,South America,1970
60350,South America,1970
60351,South America,1970
60352,South America,1970
60353,South America,1970
60354,South America,1970
60355,South America,1970
60356,South America,1970
60358,North America,1958
60359,North America,2004
60360,North America,2004
60361,North America,2004
60362,North America,2004
60363,North America,2004
60383,North America,2005
60389,North America,1975
60396,North America,1995
60397,North America,2000
60398,North America,2002
60399,North America,2002
60400,North America,2002
60401,North America,2002
60402,North America,2003
60403,North America,2003
60404,North America,2003
60405,North America,2003
60406,North America,2003
60407,North America,2003
60408,North America,2001
60409,North America,2001
60410,North America,2003
60411,North America,1991
60412,North America,2002
60415,North America,1973
60416,North America,1998
60417,North America,2004
60418,North America,1972
60419,North America,1971
60420,South America,1970
60421,North America,1995
60442,Africa,2007
60539,,2001
60540,,2000
60550,Asia,2006
60552,Asia,1968
60557,Asia,2003
60558,South America,1959
60559,South America,1959
60567,South America,2006
60568,,1967
60569,,1967
60570,,1967
60571,,1967
60572,,1964
60573,,1967
60574,,1967
60578,South America,2008
60588,North America,1998
60589,North America,1998
60590,North America,1998
60591,North America,1998
60605,Asia,2002
60608,North America,1989
60611,Asia,2006
60617,Asia,2005
60618,Asia,1971
60625,Oceania,1972
60626,Oceania,1972
60627,Oceania,1972
60628,Oceania,1972
60634,Oceania,1956
60635,Oceania,1956
60640,Oceania,1973
60647,Asia,2005
60654,Asia,1991
60656,,1986
60657,,1983
60658,,1984
60673,North America,2008
60678,South America,2007
60679,Africa,1991
60680,Africa,1992
60682,North America,2004
60684,North America,1965
60685,Asia,2008
60687,North America,1969
60688,Asia,1999
60690,South America,2004
60692,South America,2005
60694,Asia,2005
60695,North America,2003
60696,North America,2003
60697,North America,1995
60698,North America,1997
60699,North America,2004
60701,North America,2006
60702,South America,1963
60704,North America,1992
60705,North America,1996
60706,North America,1996
60709,North America,1974
60710,South America,2000
60713,North America,1986
60714,South America,2002
60715,North America,1976
60716,South America,2004
60717,South America,2004
60718,North America,2007
60719,North America,2006
60720,South America,2004
60728,South America,2006
60732,Asia,2000
60733,South America,1993
60734,South America,1994
60735,South America,1990
60736,South America,1995
60737,South America,1993
60738,South America,1991
60739,South America,1994
60740,North America,2008
60747,Asia,2007
60750,South America,2006
60752,North America,2007
60762,Asia,2003
60763,Africa,2009
60764,South America,1967
60766,South America,1972
60771,Asia,2004
60772,North America,2005
60773,Africa,2007
60774,,1974
60775,Africa,2007
60777,North America,2008
60778,North America,1999
60779,North America,1996
60793,North America,2005
60796,North America,1966
60797,North America,2005
60798,North America,2007
60799,North America,2005
60800,North America,2005
60801,North America,1981
60811,North America,2008
60814,North America,1974
60834,South America,1962
60938,North America,2009
60960,North America,2003
60961,Africa,1997
60963,North America,1972
60964,North America,1972
60965,North America,1972
60966,North America,1972
60978,Oceania,1960
60979,Asia,2004
60980,Asia,2004
60981,Asia,2001
60982,Asia,2005
60984,Asia,2004
60986,Asia,2007
60990,Asia,2009
61005,Asia,1984
61006,Asia,1965
61007,Asia,1965
61021,Asia,2006
61023,Asia,1993
61024,North America,2009
61030,Africa,2010
61031,Africa,2010
61032,Asia,1999
61035,Asia,2000
61036,Asia,2003
61037,Asia,2006
61038,Asia,2006
61039,South America,2007
61040,,1971
61041,North America,1958
61042,North America,1960
61044,Asia,1999
61049,South America,2006
61050,Asia,1963
61052,South America,1973
61053,South America,1993
61054,South America,1996
61055,South America,1993
61056,South America,1993
61058,South America,1951
61060,Asia,2008
61061,North America,1953
61062,North America,1976
61066,Asia,1963
61067,Asia,1963
61068,Asia,1975
61077,North America,1993
61078,Asia,2010
61079,Asia,2007
61080,Asia,2007
61081,Asia,2007
61088,Africa,2000
61089,Africa,2004
61096,North America,1991
61098,North America,1955
61106,South America,1999
61107,Asia,2010
61119,Africa,2007
61120,Asia,1961
61121,North America,1991
61122,Asia,1973
61127,South America,1959
61128,South America,1961
61129,Asia,2010
61132,South America,2009
61135,North America,1964
61136,North America,1962
61137,North America,1969
61138,North America,1969
61139,North America,1973
61140,North America,1973
61141,North America,1976
61142,North America,1974
61166,Asia,1965
61167,Asia,1968
61168,Asia,1966
61169,Asia,1967
61170,Asia,1966
61171,Asia,1970
61172,Asia,1965
61173,Asia,1972
61174,Asia,1968
61193,Asia,2010
61215,Africa,2010
61229,Asia,2011
61230,North America,2007
61234,North America,2010
61279,Asia,2010
61283,,1970
61284,,1971
61285,,1965
61286,,1965
61287,,1965
61288,,1965
61289,,1966
61290,,1970
61291,,1967
61292,,1967
61293,,1968
61294,,1968
61295,,1969
61296,,1969
61297,,1969
61298,,1969
61299,,1970
61300,,1977
61301,,1970
61302,,1977
61303,,1971
61304,,1971
61305,,1972
61306,,1972
61307,,1972
61308,,1972
61309,,1972
61310,,1975
61311,,1975
61312,,1975
61313,,1973
61314,,1971
61315,,1971
61316,North America,1972
61349,Asia,2009
61351,Asia,1966
61352,Asia,1967
61356,Africa,2009
61359,North America,2001
61367,Oceania,1988
61368,South America,2005
61369,Asia,2011
61370,Asia,2011
61371,Asia,2011
61372,Asia,2011
61373,Asia,2011
61387,North America,2009
61388,North America,2005
61389,North America,2009
61390,North America,2009
61391,North America,2009
61392,North America,2009
61393,North America,2009
61394,North America,2009
61395,North America,2009
61396,North America,2009
61397,North America,2009
61398,North America,2009
61399,North America,2009
61400,North America,2009
61401,North America,2009
61402,North America,2009
61403,North America,2009
61404,North America,2009
61405,North America,2009
61406,North America,2009
61407,North America,2009
61408,North America,2009
61409,North America,2009
61410,North America,2009
61411,North America,2009
61412,North America,2009
61413,North America,2009
61414,North America,2009
61417,North America,1993
61418,North America,2008
61422,,2010
61423,,2010
61424,,2010
61426,,1969
61428,North America,1963
61429,North America,1967
61432,Asia,1966
61437,Africa,1974
61451,Asia,1989
61452,Asia,1991
61453,Asia,2006
61454,Asia,1991
61467,Asia,1975
61468,Asia,1974
61469,Asia,1964
61470,Asia,1966
61471,Asia,1975
61472,Asia,1974
61473,Asia,1975
61474,Asia,1975
61475,Asia,1975
61476,Asia,1975
61478,Oceania,2008
61479,Asia,2008
61480,Asia,1983
61481,South America,2001
61482,North America,1990
61483,North America,2003
61484,North America,1959
61485,North America,1965
61486,North America,2004
61487,North America,1973
61490,South America,2006
61491,South America,2006
61492,Asia,2002
61495,South America,1964
61496,South America,1957
61497,South America,1957
61498,North America,2003
61499,North America,2005
61500,North America,1989
61501,North America,2001
61502,North America,1991
61503,North America,1994
61509,Asia,1958
61511,Africa,2010
61512,Asia,1979
61513,Asia,1979
61514,Asia,1980
61515,Asia,1980
61520,Asia,1976
61521,Africa,1967
61522,Africa,2012
61544,North America,1952
61548,North America,1991
61549,North America,2008
61550,North America,2008
61551,North America,2008
61552,North America,2008
61553,North America,2008
61554,North America,2008
61555,North America,2008
61556,North America,2008
61557,North America,2008
61558,North America,2008
61559,North America,2008
61560,North America,2008
61561,North America,2008
61562,North America,2008
61563,North America,2008
61564,North America,2008
61565,North America,2008
61566,North America,2008
61569,North America,2005
61571,,1963
61576,North America,1971
61579,North America,1972
61582,,1972
61583,,2009
61584,,2011
61585,,2012
61587,North America,1977
61605,North America,2011
61606,North America,2011
61627,Africa,1960
61628,Africa,1971
61630,Asia,2005
61631,North America,2010
61632,North America,2012
61633,North America,1971
61634,,1975
61643,South America,2009
61644,North America,2000
61647,Asia,1996
